<?xml version="1.0" encoding="UTF-8"?>
<project-private xmlns="http://www.netbeans.org/ns/project-private/1">
    <editor-bookmarks xmlns="http://www.netbeans.org/ns/editor-bookmarks/2" lastBookmarkId="0"/>
    <open-files xmlns="http://www.netbeans.org/ns/projectui-open-files/2">
        <group>
            <file>file:/C:/Users/Bicho/Documents/NetBeansProjects/UMintic75_BD/src/com/co/umintic75/controllers/UniversidadController.java</file>
            <file>file:/C:/Users/Bicho/Documents/NetBeansProjects/UMintic75_BD/src/com/co/umintic75/views/FrmFacultades.java</file>
            <file>file:/C:/Users/Bicho/Documents/NetBeansProjects/UMintic75_BD/src/com/co/umintic75/repository/FacultadRepository.java</file>
        </group>
    </open-files>
</project-private>
