<?xml version="1.0" encoding="UTF-8"?>
<project-private xmlns="http://www.netbeans.org/ns/project-private/1">
    <editor-bookmarks xmlns="http://www.netbeans.org/ns/editor-bookmarks/2" lastBookmarkId="0"/>
    <open-files xmlns="http://www.netbeans.org/ns/projectui-open-files/2">
        <group>
            <file>file:/C:/Users/Bicho/Documents/NetBeansProjects/Biblioteca_BD_G75/src/com/co/biblioteca/controllers/LibroController.java</file>
            <file>file:/C:/Users/Bicho/Documents/NetBeansProjects/Biblioteca_BD_G75/src/com/co/biblioteca/views/frmLibro.java</file>
            <file>file:/C:/Users/Bicho/Documents/NetBeansProjects/Biblioteca_BD_G75/src/com/co/biblioteca/repository/LibroRepository.java</file>
        </group>
    </open-files>
</project-private>
